Model,Accuracy,ROC-AUC
LightGBM,0.9776243447129523,0.9985810338919738
XGBoost,0.9774325533819205,0.9985681745065071
Random Forest,0.9752589182968929,0.9981329841077629
